site_no,sta,station_nm,dec_lat_va,dec_long_va,state_cd,county_cd,alt_va,huc_cd,drain_area_va,contrib_drain_area_va
06446700,blc_wan,"BEAR IN THE LODGE CR NEAR WANBLEE,SD",43.53666558,-101.7985923,46,71,2500.15,10140202,423,423
06441500,bad_fpi,"BAD R NEAR FORT PIERRE,SD",44.32664897,-100.3843003,46,117,1427.83,10140102,3147,3147
06441110,plu_hay,"PLUM CREEK BELOW HAYES, SD",44.21053769,-100.7265279,46,117,1612,10140102,296,296
06440200,brsf_co,"SOUTH FORK BAD R NEAR COTTONWOOD,SD",43.9690175,-101.767229,46,71,2242.96,10140102,257,257
06408500,spr_her,"SPRING CR NEAR HERMOSA,SD",43.9416695,-103.1591456,46,103,3265.3,10120109,205,205
06438500,che_pla,"CHEYENNE R NEAR PLAINVIEW,SD",44.5294304,-101.9301531,46,137,1848.7,10120112,21351,21340
06423500,che_was,"CHEYENNE RIVER NEAR WASTA, SD",44.08109849,-102.4012746,46,103,2260.78,10120111,12679,12674
06425500,elk_elm,"ELK CR NEAR ELM SPRINGS,SD",44.24831768,-102.5032217,46,93,2305.99,10120111,548,548
06408650,che_sce,"CHEYENNE RIVER NEAR SCENIC, SD",43.8980449,-102.6440611,46,103,2432.37,10120109,11208,11204
06403700,che_red,"CHEYENNE RIVER AT RED SHIRT, SD",43.6724058,-102.8921298,46,33,2653.21,10120109,10259,10254
06406500,bat_bhr,"BATTLE CR BELOW HERMOSA,SD",43.72543145,-102.9061231,46,103,2800.32,10120109,284,284
06403300,frn_fai,FRENCH CR ABOVE FAIRBURN SD,43.7172105,-103.3679713,46,33,3850,10120109,105,105
06406000,bat_her,"BATTLE CR AT HERMOSA,SD",43.82804586,-103.1960211,46,33,3290,10120109,169,169
06402600,che_buf,CHEYENNE R NEAR BUFFALO GAP SD,43.5019636,-103.0744103,46,33,2812.85,10120109,9792,9788
06402500,bev_buf,"BEAVER CR NEAR BUFFALO GAP,SD",43.4666495,-103.3060308,46,47,3151.87,10120109,127,127
06402470,bev_abf,"BEAVER CREEK ABOVE BUFFALO GAP, SD",43.52220578,-103.356863,46,33,3372,10120109,111,111
06402430,bev_pri,"BEAVER CREEK NEAR PRINGLE, SD",43.58137177,-103.4765835,46,33,4180,10120109,45.6,45.6
06402000,fal_hot,"FALL R AT HOT SPRINGS,SD",43.43053476,-103.4763069,46,47,3413.2,10120109,136,136
06400875,hor_oel,"HORSEHEAD CR AT OELRICHS,SD",43.18803166,-103.2265866,46,47,3316.3,10120106,188,188
06400000,hat_edg,"HAT CR NEAR EDGEMONT,SD",43.2399736,-103.5882519,46,47,3297.31,10120108,959,956
06464500,key_wew,"KEYA PAHA R AT WEWELA,SD",43.0270872,-99.780921,46,123,2049.78,10150006,1129,1121
06463500,lon_riv,"Long Pine Creek near Riverview, Nebr.",42.68944444,-99.6788889,31,17,1981.34,10150004,458,
06464100,key_key,"KEYA PAHA R NEAR KEYAPAHA,SD",43.12917164,-100.1070671,46,123,2230,10150006,535,532
06461500,nio_spa,"Niobrara River near Sparks, Nebr.",42.9022222,-100.3622222,31,31,2287.57,10150004,7150,
06452000,whi_oac,"WHITE R NEAR OACOMA,SD",43.74832745,-99.5564948,46,85,1377.29,10140204,9915,9855
06447450,whi_whi,"WHITE RIVER NEAR WHITE RIVER, SD",43.71304839,-100.6850534,46,75,1770,10140202,6209,6202
06450500,lwr_whi,"LITTLE WHITE R BELOW WHITE RIVER,SD",43.60138549,-100.7498608,46,95,1912.78,10140203,1549,1495
06449500,lwr_ros,LITTLE WHITE R NEAR ROSEBUD SD,43.3255586,-100.8837556,46,121,2294.99,10140203,1033,979
06449300,lwr_aro,LITTLE WHITE R ABV ROSEBUD SD,43.26305967,-100.9176459,46,121,2416,10140203,911,855
06449400,ros_ros,ROSEBUD CR AT ROSEBUD SD,43.2372267,-100.8576446,46,121,2531.91,10140203,49,49
06449100,lwr_vet,"LITTLE WHITE R NEAR VETAL,SD",43.10069918,-101.232234,46,7,2780.69,10140203,607,571
06449000,lcr_bel,"LAKE CR BELOW REFUGE NEAR TUTHILL,SD",43.1459166,-101.5128713,46,7,3055,10140203,121,121
06448000,lcr_abv,"LAKE CR ABOVE REFUGE NEAR TUTHILL,SD",43.08711217,-101.60387,46,7,3090,10140203,57,57
06447500,lwr_mar,"LITTLE WHITE R NEAR MARTIN,SD",43.1669155,-101.6327322,46,7,3045,10140203,313,299
06447230,blp_bel,"BLACK PIPE CREEK NR BELVIDERE, SD",43.75527266,-101.2279205,46,95,2060,10140202,273,273
06447000,whi_kad,"WHITE R NEAR KADOKA,SD",43.7524949,-101.5248665,46,71,2122.18,10140202,4960,4953
06446500,whi_int,"WHITE R NEAR INTERIOR,SD",43.69388346,-101.9326516,46,71,2290.21,10140202,4101,4094
06446100,wkc_wok,"WOUNDED KNEE CREEK AT WOUNDED KNEE, SD",43.14351647,-102.3583815,46,102,3200,10140201,73.5,73.5
06445980,wcc_ogl,WHITE CLAY CR NEAR OGLALA SD,43.14651127,-102.6833116,46,102,3001.54,10140201,375,375
06446000,whi_ogl,WHITE R NEAR OGLALA SD,43.25484357,-102.8273511,46,102,2853.54,10140201,2156,2156
06445700,whi_slm,"WHITE RIVER AT SLIM BUTTE, SD",43.08970356,-102.7982327,46,102,3000,10140201,1426,1426
06445685,whi_sta,WHITE R NR NE-SD STATE LINE,43.013036,-102.8357327,46,102,3030,10140201,1367,1367
06442130,,"CEDAR CREEK NR PRESHO, SD",44.14026325,-100.0848464,46,85,1614.57,10140101,76.9,
06400497,,CASCADE SPRINGS NEAR HOT SPRINGS SD,43.33608707,-103.552418,46,47,3440,10120106,0.47,0.47
06400500,,CHEYENNE R NEAR HOT SPRINGS SD,43.30525297,-103.5624182,46,47,3190.89,10120106,8719,8714
06400870,,HORSEHEAD CR NEAR OELRICHS SD,43.11580817,-103.2288079,46,47,3390,10120106,160,160
06403500,,FRENCH CR NEAR FAIRBURN SD,43.6852666,-103.2999163,46,33,3510,10120109,116,116
06404500,,BATTLE CR NEAR HERMOSA SD,43.83054594,-103.2282442,46,33,,10120109,103,103
06405400,,GRACE COOLIDGE CR NEAR FAIRBURN SD,43.7702673,-103.3415812,46,33,,10120109,28.7,28.7
06405500,,GRACE COOLIDGE CR NEAR HERMOSA SD,43.77471198,-103.3288032,46,33,,10120109,30.8,30.8
06424500,,ELK CR ABOVE PIEDMONT SD,44.26804155,-103.408798,46,93,,10120111,47.5,47.5
06437200,,"BEAR BUTTE CR NEAR GALENA,SD",44.3963735,-103.5826922,46,81,3770,10120202,51.9,51.9
06437400,,"BEAR BUTTE CREEK AT STURGIS, SD",44.412207,-103.486578,46,93,3320,10120202,73.7,73.7
06437500,,BEAR BUTTE CR NEAR STURGIS SD,44.4808495,-103.2759863,46,93,2779.91,10120202,181,181
06439300,," CHEYENNE RIVER AT CHERRY CREEK,SD",44.59970657,-101.4979254,46,137,1702.87,10120112,23568,23557
06440500,,NORTH FORK BAD R NEAR PHILIP SD,44.0385996,-101.682922,46,55,2154.19,10140102,187,187
06441400,,"WILLOW CREEK NEAR FORT PIERRE, SD",44.3174821,-100.419301,46,117,,10140102,103,103
06442000,,MEDICINE KNOLL CR NEAR BLUNT SD,44.5627602,-99.9142868,46,119,1611.08,10140103,443,421
06442500,,MEDICINE CR AT KENNEBEC SD,43.9052407,-99.8761727,46,85,1659.64,10140104,447,439
06442600,,"MEDICINE CREEK NR LOWER BRULE, SD",44.01637796,-99.745113,46,85,1464.63,10140104,614,606
06442950,,CROW CR NEAR GANN VALLEY SD,43.99138239,-99.2189894,46,17,1434.73,10140105,813,813
06444000,,"White River at Crawford, Nebr.",42.68666667,-103.4177778,31,45,3659.85,10140201,313,
06445000,,"WHITE R BELW COTTONWOOD C N WHITNEY, NEBR.",42.81138889,-103.1666667,31,45,3320,10140201,676,
06445500,,WHITE R NEAR CHADRON NEBR,42.8333061,-103.117134,31,45,,10140201,750,
06445590,,BIG BORDEAUX CREEK NEAR CHADRON NEBR,42.72497148,-102.9293476,31,45,3800,10140201,9.4,
06446200,,WHITE R NEAR ROCKYFORD SD,43.51443415,-102.4921161,46,102,2593.34,10140201,2902,2902
06449250,,SPRING CR NEAR ST FRANCIS SD,43.0725059,-101.0307063,46,121,2815.5,10140203,85.7,80.7
06454100,,"Niobrara River at Agate, Nebr.",42.4236111,-103.7922222,31,165,4405,10150002,934,
06454500,,"NIOBRARA RIVER ABOVE BOX BUTTE RESERVOIR, NE",42.4597222,-103.1711111,31,45,4012.47,10150002,1400,
06455500,,NIOBRARA RIVER BELOW BOX BUTTE RESERVOIR NEBR,42.45638889,-103.0688889,31,45,3950.08,10150003,1460,
06455900,,"NIOBRARA RIVER NEAR DUNLAP, NEBR.",42.46246306,-102.9240799,31,45,3870,10150003,1580,
06456500,,"NIOBRARA RIVER NR HAY SPRINGS, NEBR.",42.4833333,-102.6947222,31,161,3723.42,10150003,,
06457000,,"NIOBRARA RIVER NEAR COLCLESSER, NEBR.",42.5438591,-102.4999187,31,161,,10150003,2220,
06457500,,"NIOBRARA RIVER NEAR GORDON, NEBR.",42.6397222,-102.2105556,31,161,3432.49,10150003,4290,
06458500,,BEAR C NR ELI NEBR,42.90305556,-101.5130556,31,31,3110,10150003,360,78
06459000,,"NIOBRARA R NEAR CODY, NEBR.",42.82777778,-101.2838889,31,31,2770,10150003,5570,3490
06459175,,"SNAKE R AT DOUGHBOY, NE",42.61375,-101.2778333,31,31,3106.16,10150005,405,
06459200,,SNAKE RIVER ABV MERRITT RESERVOIR NEBR,42.6036111,-101.0711111,31,31,2952.75,10150005,440,28
06459500,,"SNAKE RIVER NEAR BURGE, NEBR.",42.65388889,-100.8583333,31,31,2805.36,10150005,660,44
06460900,,"MINNECHADUZA CREEK NEAR KILGORE, NEBRASKA",42.9861111,-100.8972222,31,31,2770,10150004,85,
06461000,,"MINNECHADUZA CREEK AT VALENTINE, NEBR.",42.88555556,-100.5516667,31,31,2470,10150004,390,200
06461300,,"Big Beaver Cr at Nebr Hwy 12 nr Valentine, Nebr.",42.94027778,-100.4575,31,31,2563.1,10150004,,
06462000,,NIOBRARA RIVER NR NORDEN NEBR,42.78694679,-100.0353998,31,103,2108.93,10150004,8390,
06462500,,"PLUM CREEK AT MEADVILLE, NE",42.75361097,-99.8640082,31,17,2026,10150004,536,340
06463000,,NIOBRARA RIVER AT MEADVILLE NE,42.75138847,-99.8462301,31,103,,10150004,,
06463080,," LONG PINE CREEK NR LONG PINE, NE",42.63194444,-99.6797222,31,17,2080,10150004,246,
06463720,,"Niobrara River at Mariaville, Nebr.",42.78055556,-99.3397222,31,103,1797,10150004,9810,
06464000,,KEYA PAHA R NEAR HIDDEN TIMBER SD,43.208339,-100.3559629,46,121,2330,10150006,360,360
